file,column,dtype,non_null,null,n_unique
panel_with_offset.csv,paper_uid_after_direct_w,string,181957,0,55622
panel_with_offset.csv,cohort,string,181957,0,4
panel_with_offset.csv,target_year,float64,181957,0,190
panel_with_offset.csv,target_topic,int64,181957,0,41
panel_with_offset.csv,partial,int64,181957,0,2
panel_with_offset.csv,eng_cite_count,int64,181957,0,6
panel_with_offset.csv,Y_jc,int64,181957,0,2
panel_with_offset.csv,obs_start,float64,181957,0,190
panel_with_offset.csv,obs_end,int64,181957,0,4
panel_with_offset.csv,age_jc,float64,181957,0,428
panel_with_offset.csv,age_bin,object,181957,0,4
panel_with_offset.csv,N_topic_jc,int64,181957,0,37
panel_with_offset.csv,ln_offset,float64,181957,0,37
rq2analticsample_with_google_scholar_metadata.csv,paper_uid_after_direct_w,string,57284,0,57284
rq2analticsample_with_google_scholar_metadata.csv,ref_title,object,57284,0,57282
rq2analticsample_with_google_scholar_metadata.csv,ref_author,object,51331,5953,16880
rq2analticsample_with_google_scholar_metadata.csv,ref_publisher_or_journal,object,47179,10105,5468
rq2analticsample_with_google_scholar_metadata.csv,ref_year,object,56795,489,1089
rq2analticsample_with_google_scholar_metadata.csv,query_signature,object,57284,0,57220
rq2analticsample_with_google_scholar_metadata.csv,retrieval_method,object,57284,0,8
rq2analticsample_with_google_scholar_metadata.csv,cache_source_uid,object,63,57221,63
rq2analticsample_with_google_scholar_metadata.csv,direct_article_id,object,5924,51360,5828
rq2analticsample_with_google_scholar_metadata.csv,direct_id_sources,object,5924,51360,1
rq2analticsample_with_google_scholar_metadata.csv,direct_id_values,object,5924,51360,5828
rq2analticsample_with_google_scholar_metadata.csv,direct_id_conflict,bool,57284,0,1
rq2analticsample_with_google_scholar_metadata.csv,direct_id_validation_status,object,5915,51369,2
rq2analticsample_with_google_scholar_metadata.csv,direct_id_error,object,13,57271,13
rq2analticsample_with_google_scholar_metadata.csv,kci_search_attempts_json,object,51402,5882,519
rq2analticsample_with_google_scholar_metadata.csv,selected_search_strategy,object,31673,25611,3
rq2analticsample_with_google_scholar_metadata.csv,selected_search_total,float64,25877,31407,254
rq2analticsample_with_google_scholar_metadata.csv,combined_candidate_count,float64,31673,25611,107
rq2analticsample_with_google_scholar_metadata.csv,kci_match_status,object,57284,0,8
rq2analticsample_with_google_scholar_metadata.csv,kci_match_accepted,bool,57284,0,2
rq2analticsample_with_google_scholar_metadata.csv,match_title_score,float64,31673,25611,553
rq2analticsample_with_google_scholar_metadata.csv,match_author_score,float64,30513,26771,25
rq2analticsample_with_google_scholar_metadata.csv,match_journal_score,float64,29601,27683,105
rq2analticsample_with_google_scholar_metadata.csv,match_year_exact,object,31673,25611,2
rq2analticsample_with_google_scholar_metadata.csv,match_corroboration_count,float64,31673,25611,4
rq2analticsample_with_google_scholar_metadata.csv,match_weighted_score,float64,31673,25611,1792
rq2analticsample_with_google_scholar_metadata.csv,kci_article_id,object,31673,25611,30520
rq2analticsample_with_google_scholar_metadata.csv,search_title_original,object,31673,25611,30520
rq2analticsample_with_google_scholar_metadata.csv,search_title_foreign,object,29895,27389,28833
rq2analticsample_with_google_scholar_metadata.csv,search_title_english,object,30366,26918,29214
rq2analticsample_with_google_scholar_metadata.csv,search_authors,object,31669,25615,19487
rq2analticsample_with_google_scholar_metadata.csv,search_journal_name,object,31673,25611,1616
rq2analticsample_with_google_scholar_metadata.csv,search_publisher_name,object,31673,25611,1536
rq2analticsample_with_google_scholar_metadata.csv,search_pub_year,float64,31673,25611,47
rq2analticsample_with_google_scholar_metadata.csv,search_pub_month,float64,31673,25611,13
rq2analticsample_with_google_scholar_metadata.csv,search_volume,object,25562,31722,157
rq2analticsample_with_google_scholar_metadata.csv,search_issue,object,30239,27045,248
rq2analticsample_with_google_scholar_metadata.csv,search_citation_total,float64,31673,25611,256
rq2analticsample_with_google_scholar_metadata.csv,search_citation_kci,float64,31673,25611,256
rq2analticsample_with_google_scholar_metadata.csv,search_citation_wos,float64,31673,25611,8
rq2analticsample_with_google_scholar_metadata.csv,search_url,object,31673,25611,30520
rq2analticsample_with_google_scholar_metadata.csv,api_error,object,89,57195,89
rq2analticsample_with_google_scholar_metadata.csv,kci_journal_id,object,28710,28574,1543
rq2analticsample_with_google_scholar_metadata.csv,kci_issn,object,28324,28960,1507
rq2analticsample_with_google_scholar_metadata.csv,kci_journal_name,object,28710,28574,1504
rq2analticsample_with_google_scholar_metadata.csv,kci_publisher_name,object,28710,28574,1497
rq2analticsample_with_google_scholar_metadata.csv,kci_registration,object,28708,28576,5
rq2analticsample_with_google_scholar_metadata.csv,kci_foreign_registration,float64,0,57284,0
rq2analticsample_with_google_scholar_metadata.csv,kci_pub_year,float64,28710,28574,40
rq2analticsample_with_google_scholar_metadata.csv,kci_pub_month,float64,28710,28574,13
rq2analticsample_with_google_scholar_metadata.csv,kci_volume,object,23340,33944,150
rq2analticsample_with_google_scholar_metadata.csv,kci_issue,object,27445,29839,235
rq2analticsample_with_google_scholar_metadata.csv,kci_article_categories,object,28663,28621,594
rq2analticsample_with_google_scholar_metadata.csv,kci_article_regularity,object,28710,28574,2
rq2analticsample_with_google_scholar_metadata.csv,kci_article_language,object,23558,33726,5
rq2analticsample_with_google_scholar_metadata.csv,kci_title_original,object,28710,28574,28578
rq2analticsample_with_google_scholar_metadata.csv,kci_title_foreign,object,27288,29996,27157
rq2analticsample_with_google_scholar_metadata.csv,kci_title_english,object,27595,29689,27422
rq2analticsample_with_google_scholar_metadata.csv,kci_authors_korean,object,28708,28576,14013
rq2analticsample_with_google_scholar_metadata.csv,kci_authors_english,object,24338,32946,12572
rq2analticsample_with_google_scholar_metadata.csv,kci_author_institutions,object,28598,28686,6142
rq2analticsample_with_google_scholar_metadata.csv,kci_author_orcids,object,32,57252,29
rq2analticsample_with_google_scholar_metadata.csv,kci_author_roles,object,28708,28576,82
rq2analticsample_with_google_scholar_metadata.csv,kci_authors_json,object,28710,28574,19999
rq2analticsample_with_google_scholar_metadata.csv,kci_abstract_original,object,25354,31930,25138
rq2analticsample_with_google_scholar_metadata.csv,kci_abstract_english,object,25123,32161,24916
rq2analticsample_with_google_scholar_metadata.csv,kci_keywords,object,27112,30172,26898
rq2analticsample_with_google_scholar_metadata.csv,kci_fpage,object,28587,28697,875
rq2analticsample_with_google_scholar_metadata.csv,kci_lpage,float64,28565,28719,970
rq2analticsample_with_google_scholar_metadata.csv,kci_open_access,float64,0,57284,0
rq2analticsample_with_google_scholar_metadata.csv,kci_doi,object,11188,46096,11170
rq2analticsample_with_google_scholar_metadata.csv,kci_uci,object,22000,35284,21889
rq2analticsample_with_google_scholar_metadata.csv,kci_fwci,float64,28528,28756,1252
rq2analticsample_with_google_scholar_metadata.csv,kci_fwci_create_date,object,28528,28756,1
rq2analticsample_with_google_scholar_metadata.csv,kci_citation_total,float64,28710,28574,256
rq2analticsample_with_google_scholar_metadata.csv,kci_citation_count,float64,28710,28574,256
rq2analticsample_with_google_scholar_metadata.csv,wos_citation_count,float64,28710,28574,1
rq2analticsample_with_google_scholar_metadata.csv,kci_url,object,28710,28574,28578
rq2analticsample_with_google_scholar_metadata.csv,kci_verified,object,28710,28574,2
rq2analticsample_with_google_scholar_metadata.csv,google_scholar_indexed,int64,57284,0,2
rq2analticsample_with_google_scholar_metadata.csv,google_scholar_match_status,object,57284,0,6
rq2analticsample_with_google_scholar_metadata.csv,google_scholar_match_accepted,bool,57284,0,2
rq2analticsample_with_google_scholar_metadata.csv,google_scholar_match_confidence,object,57284,0,4
rq2analticsample_with_google_scholar_metadata.csv,google_scholar_match_score,float64,41041,16243,10384
rq2analticsample_with_google_scholar_metadata.csv,google_scholar_title_score,float64,41041,16243,2388
rq2analticsample_with_google_scholar_metadata.csv,google_scholar_author_score,float64,36993,20291,121
rq2analticsample_with_google_scholar_metadata.csv,google_scholar_journal_score,float64,16675,40609,160
rq2analticsample_with_google_scholar_metadata.csv,google_scholar_year_match,object,17353,39931,2
rq2analticsample_with_google_scholar_metadata.csv,google_scholar_corroboration_count,int64,57284,0,4
rq2analticsample_with_google_scholar_metadata.csv,google_scholar_query,object,41041,16243,40925
rq2analticsample_with_google_scholar_metadata.csv,google_scholar_query_source,object,41041,16243,3
rq2analticsample_with_google_scholar_metadata.csv,google_scholar_search_page,float64,41041,16243,2
rq2analticsample_with_google_scholar_metadata.csv,google_scholar_search_start,float64,41041,16243,2
rq2analticsample_with_google_scholar_metadata.csv,google_scholar_result_position,float64,41041,16243,20
rq2analticsample_with_google_scholar_metadata.csv,google_scholar_global_result_position,float64,41041,16243,30
rq2analticsample_with_google_scholar_metadata.csv,google_scholar_result_id,object,19635,37649,19353
rq2analticsample_with_google_scholar_metadata.csv,google_scholar_result_type,object,1266,56018,4
rq2analticsample_with_google_scholar_metadata.csv,google_scholar_title,object,19635,37649,19352
rq2analticsample_with_google_scholar_metadata.csv,google_scholar_authors,object,19635,37649,10652
rq2analticsample_with_google_scholar_metadata.csv,google_scholar_author_ids,object,353,56931,188
rq2analticsample_with_google_scholar_metadata.csv,google_scholar_publication_summary,object,19635,37649,19326
rq2analticsample_with_google_scholar_metadata.csv,google_scholar_year,float64,19610,37674,54
rq2analticsample_with_google_scholar_metadata.csv,google_scholar_source,object,19635,37649,234
rq2analticsample_with_google_scholar_metadata.csv,google_scholar_snippet,object,19614,37670,19386
rq2analticsample_with_google_scholar_metadata.csv,google_scholar_primary_url,object,19635,37649,19353
rq2analticsample_with_google_scholar_metadata.csv,google_scholar_primary_domain,object,19635,37649,234
rq2analticsample_with_google_scholar_metadata.csv,google_scholar_citation_count,float64,16864,40420,164
rq2analticsample_with_google_scholar_metadata.csv,google_scholar_cites_id,object,57284,0,16598
rq2analticsample_with_google_scholar_metadata.csv,google_scholar_cited_by_url,object,16864,40420,16813
rq2analticsample_with_google_scholar_metadata.csv,google_scholar_versions_count,float64,17045,40239,13
rq2analticsample_with_google_scholar_metadata.csv,google_scholar_cluster_id,object,57284,0,16842
rq2analticsample_with_google_scholar_metadata.csv,google_scholar_versions_url,object,17045,40239,16996
rq2analticsample_with_google_scholar_metadata.csv,google_scholar_related_pages_url,object,19635,37649,19598
rq2analticsample_with_google_scholar_metadata.csv,google_scholar_api_status,object,41907,15377,2
rq2analticsample_with_google_scholar_metadata.csv,google_scholar_api_error,object,877,56407,876
rq2analticsample_with_google_scholar_metadata.csv,google_scholar_search_id,object,41041,16243,40973
rq2analticsample_with_google_scholar_metadata.csv,google_scholar_result_count_returned,float64,16243,41041,1
rq2analticsample_with_google_scholar_metadata.csv,google_scholar_total_results_reported,float64,25553,31731,677
rq2analticsample_with_google_scholar_metadata.csv,google_scholar_organic_results_state,object,41041,16243,2
rq2analticsample_with_google_scholar_metadata.csv,google_scholar_query_count_used,int64,57284,0,4
rq2analticsample_with_google_scholar_metadata.csv,google_scholar_local_cache_hits,int64,57284,0,4
rq2analticsample_with_google_scholar_metadata.csv,google_scholar_retrieved_at,object,57284,0,57284
rq2analticsample_with_google_scholar_metadata.csv,google_scholar_has_resource,bool,57284,0,2
rq2analticsample_with_google_scholar_metadata.csv,google_scholar_resource_count,int64,57284,0,2
rq2analticsample_with_google_scholar_metadata.csv,google_scholar_has_pdf_resource,bool,57284,0,2
rq2analticsample_with_google_scholar_metadata.csv,google_scholar_has_html_resource,bool,57284,0,2
rq2analticsample_with_google_scholar_metadata.csv,google_scholar_resource_formats,object,2420,54864,3
rq2analticsample_with_google_scholar_metadata.csv,google_scholar_resource_urls,object,2440,54844,2404
rq2analticsample_with_google_scholar_metadata.csv,google_scholar_resource_domains,object,2440,54844,227
rq2analticsample_with_google_scholar_metadata.csv,google_scholar_resource_titles,object,2440,54844,204
rq2analticsample_with_google_scholar_metadata.csv,google_scholar_primary_is_direct_file,bool,57284,0,2
rq2analticsample_with_google_scholar_metadata.csv,google_scholar_primary_is_pdf,bool,57284,0,2
rq2analticsample_with_google_scholar_metadata.csv,google_scholar_cached_page_available,bool,57284,0,2
rq2analticsample_with_google_scholar_metadata.csv,google_scholar_cached_page_url,object,16167,41117,16143
rq2analticsample_with_google_scholar_metadata.csv,google_scholar_fulltext_url,object,12191,45093,6032
rq2analticsample_with_google_scholar_metadata.csv,google_scholar_open_fulltext_evidence,bool,57284,0,2
rq2analticsample_with_google_scholar_metadata.csv,google_scholar_access_status,object,57284,0,9
rq2analticsample_with_google_scholar_metadata.csv,google_scholar_access_evidence,object,57284,0,7
rq2analticsample_with_google_scholar_metadata.csv,google_scholar_paywall_status,object,57284,0,7
rq2analticsample_with_google_scholar_metadata.csv,google_scholar_fulltext_access,object,57284,0,9
rq2analticsample_with_google_scholar_metadata.csv,google_scholar_access_verified,bool,57284,0,2
rq2analticsample_with_google_scholar_metadata.csv,google_scholar_link_provided,bool,57284,0,2
rq2analticsample_with_google_scholar_metadata.csv,google_scholar_landing_url,object,18956,38328,18692
rq2analticsample_with_google_scholar_metadata.csv,google_scholar_landing_http_status,float64,18956,38328,8
rq2analticsample_with_google_scholar_metadata.csv,google_scholar_landing_final_url,object,18956,38328,18692
rq2analticsample_with_google_scholar_metadata.csv,google_scholar_landing_content_type,object,18956,38328,12
rq2analticsample_with_google_scholar_metadata.csv,google_scholar_download_link_found,bool,57284,0,2
rq2analticsample_with_google_scholar_metadata.csv,google_scholar_download_url,object,12191,45093,11661
rq2analticsample_with_google_scholar_metadata.csv,google_scholar_download_http_status,float64,12191,45093,2
rq2analticsample_with_google_scholar_metadata.csv,google_scholar_download_final_url,object,12191,45093,6032
rq2analticsample_with_google_scholar_metadata.csv,google_scholar_download_content_type,object,12191,45093,13
rq2analticsample_with_google_scholar_metadata.csv,google_scholar_download_content_disposition,object,303,56981,290
rq2analticsample_with_google_scholar_metadata.csv,google_scholar_download_verified,bool,57284,0,2
rq2analticsample_with_google_scholar_metadata.csv,google_scholar_access_block_reason,object,11210,46074,3
rq2analticsample_with_google_scholar_metadata.csv,google_scholar_access_verification_error,object,691,56593,505
rq2analticsample_with_google_scholar_metadata.csv,google_scholar_access_http_request_count,int64,57284,0,9
rq2analticsample_with_google_scholar_metadata.csv,google_scholar_access_verified_at,object,19635,37649,19635
rq2analticsample_with_google_scholar_metadata.csv,google_scholar_best_candidate_title,object,21406,35878,15132
rq2analticsample_with_google_scholar_metadata.csv,google_scholar_best_candidate_url,object,21406,35878,15160
rq2analticsample_with_google_scholar_metadata.csv,google_scholar_best_candidate_score,float64,21406,35878,9598
rq2analticsample_with_google_scholar_metadata.csv,google_scholar_match_metadata_source,object,17769,39515,2
rq2analticsample_with_google_scholar_metadata.csv,google_scholar_match_input_title,object,41041,16243,40921
rq2analticsample_with_google_scholar_metadata.csv,google_scholar_match_input_author,object,37006,20278,17870
rq2analticsample_with_google_scholar_metadata.csv,google_scholar_match_input_year,float64,17605,39679,91
rq2analticsample_with_google_scholar_metadata.csv,google_scholar_match_input_journal,object,16675,40609,2480
rq2analticsample_with_google_scholar_metadata.csv,google_scholar_fulltext_link_provided,int64,57284,0,2
rq2analticsample_with_google_scholar_metadata.csv,google_scholar_oa_link_provided,int64,57284,0,2
rq2analticsample_with_google_scholar_metadata.csv,google_scholar_restricted_link_provided,int64,57284,0,2
rq2analticsample_with_google_scholar_metadata.csv,google_scholar_open_fulltext,int64,57284,0,2
study1_cohort_panel_full.csv,paper_uid_after_direct_w,string,181957,0,55622
study1_cohort_panel_full.csv,cohort,string,181957,0,4
study1_cohort_panel_full.csv,target_year,float64,181957,0,190
study1_cohort_panel_full.csv,target_topic,int64,181957,0,41
study1_cohort_panel_full.csv,partial,int64,181957,0,2
study1_cohort_panel_full.csv,eng_cite_count,int64,181957,0,6
study1_cohort_panel_full.csv,Y_jc,int64,181957,0,2
study1_cohort_panel_full.csv,obs_start,float64,181957,0,190
study1_cohort_panel_full.csv,obs_end,int64,181957,0,4
study1_cohort_panel_full.csv,age_jc,float64,181957,0,428
study1_cohort_panel_full.csv,age_bin,object,181957,0,4
study1_cohort_panel_full.csv,cohort_order,int64,181957,0,4
study1_cohort_panel_full.csv,cohort_start,int64,181957,0,4
study1_cohort_panel_full.csv,cohort_end,int64,181957,0,4
study1_cohort_panel_full.csv,gs_record_observed,int64,181957,0,1
study1_cohort_panel_full.csv,ref_title,object,181957,0,55620
study1_cohort_panel_full.csv,ref_author,object,161878,20079,16672
study1_cohort_panel_full.csv,ref_publisher_or_journal,object,146766,35191,5209
study1_cohort_panel_full.csv,ref_year,object,181881,76,313
study1_cohort_panel_full.csv,kci_journal_name,object,83571,98386,1504
study1_cohort_panel_full.csv,kci_pub_year,float64,83571,98386,40
study1_cohort_panel_full.csv,kci_title_original,object,83571,98386,28543
study1_cohort_panel_full.csv,kci_title_english,object,79449,102508,27391
study1_cohort_panel_full.csv,google_scholar_indexed,int64,181957,0,2
study1_cohort_panel_full.csv,google_scholar_match_status,object,181957,0,6
study1_cohort_panel_full.csv,google_scholar_match_accepted,bool,181957,0,2
study1_cohort_panel_full.csv,google_scholar_match_confidence,object,181957,0,4
study1_cohort_panel_full.csv,google_scholar_match_score,float64,128853,53104,10200
study1_cohort_panel_full.csv,google_scholar_title_score,float64,128853,53104,2378
study1_cohort_panel_full.csv,google_scholar_author_score,float64,114909,67048,121
study1_cohort_panel_full.csv,google_scholar_journal_score,float64,51623,130334,145
study1_cohort_panel_full.csv,google_scholar_year_match,object,54722,127235,2
study1_cohort_panel_full.csv,google_scholar_query,object,128853,53104,39886
study1_cohort_panel_full.csv,google_scholar_query_source,object,128853,53104,3
study1_cohort_panel_full.csv,google_scholar_result_position,float64,128853,53104,20
study1_cohort_panel_full.csv,google_scholar_global_result_position,float64,128853,53104,28
study1_cohort_panel_full.csv,google_scholar_year,float64,56874,125083,54
study1_cohort_panel_full.csv,google_scholar_source,object,56949,125008,233
study1_cohort_panel_full.csv,google_scholar_primary_domain,object,56949,125008,233
study1_cohort_panel_full.csv,google_scholar_citation_count,float64,49487,132470,164
study1_cohort_panel_full.csv,google_scholar_fulltext_access,object,181957,0,9
study1_cohort_panel_full.csv,google_scholar_access_verified,bool,181957,0,2
study1_cohort_panel_full.csv,google_scholar_download_link_found,bool,181957,0,2
study1_cohort_panel_full.csv,google_scholar_download_verified,bool,181957,0,2
study1_cohort_panel_full.csv,google_scholar_access_block_reason,object,32643,149314,3
study1_cohort_panel_full.csv,google_scholar_access_verification_error,object,1809,180148,502
study1_cohort_panel_full.csv,google_scholar_fulltext_link_provided,int64,181957,0,2
study1_cohort_panel_full.csv,google_scholar_oa_link_provided,int64,181957,0,2
study1_cohort_panel_full.csv,google_scholar_restricted_link_provided,int64,181957,0,2
study1_cohort_panel_full.csv,google_scholar_open_fulltext,int64,181957,0,2
study1_cohort_panel_full.csv,D_j,float64,179230,2727,2
study1_cohort_panel_full.csv,match_accepted_01,int64,181957,0,2
study1_cohort_panel_full.csv,A_j,float64,56949,125008,2
study1_cohort_panel_full.csv,fulltext_link_provided,int64,181957,0,2
study1_cohort_panel_full.csv,journal_fe,object,83571,98386,1504
study1_cohort_panel_full.csv,gs_citation_count,float64,49487,132470,164
study1_cohort_panel_full.csv,log1p_gs_citation_count,float64,49487,132470,164
study1_cohort_panel_full.csv,present_in_rq2analticsample,int64,181957,0,1
study1_cohort_panel_full.csv,present_in_kci_unique,int64,181957,0,1
study1_cohort_panel_full.csv,is_C2,int64,181957,0,2
study1_cohort_panel_full.csv,D_x_C2,float64,179230,2727,2
study1_cohort_panel_full.csv,A_x_C2,float64,56949,125008,2
study1_cohort_panel_full.csv,is_C3,int64,181957,0,2
study1_cohort_panel_full.csv,D_x_C3,float64,179230,2727,2
study1_cohort_panel_full.csv,A_x_C3,float64,56949,125008,2
study1_cohort_panel_full.csv,is_C4,int64,181957,0,2
study1_cohort_panel_full.csv,D_x_C4,float64,179230,2727,2
study1_cohort_panel_full.csv,A_x_C4,float64,56949,125008,2
study1_cohort_panel_full.csv,main_D_sample,int64,181957,0,2
study1_cohort_panel_full.csv,access_A_sample,int64,181957,0,2
study1_cohort_panel_D_main.csv,paper_uid_after_direct_w,string,179230,0,54789
study1_cohort_panel_D_main.csv,cohort,string,179230,0,4
study1_cohort_panel_D_main.csv,target_year,float64,179230,0,188
study1_cohort_panel_D_main.csv,target_topic,int64,179230,0,41
study1_cohort_panel_D_main.csv,partial,int64,179230,0,2
study1_cohort_panel_D_main.csv,eng_cite_count,int64,179230,0,6
study1_cohort_panel_D_main.csv,Y_jc,int64,179230,0,2
study1_cohort_panel_D_main.csv,obs_start,float64,179230,0,188
study1_cohort_panel_D_main.csv,obs_end,int64,179230,0,4
study1_cohort_panel_D_main.csv,age_jc,float64,179230,0,425
study1_cohort_panel_D_main.csv,age_bin,object,179230,0,4
study1_cohort_panel_D_main.csv,cohort_order,int64,179230,0,4
study1_cohort_panel_D_main.csv,cohort_start,int64,179230,0,4
study1_cohort_panel_D_main.csv,cohort_end,int64,179230,0,4
study1_cohort_panel_D_main.csv,gs_record_observed,int64,179230,0,1
study1_cohort_panel_D_main.csv,ref_title,object,179230,0,54787
study1_cohort_panel_D_main.csv,ref_author,object,159187,20043,16488
study1_cohort_panel_D_main.csv,ref_publisher_or_journal,object,144507,34723,5154
study1_cohort_panel_D_main.csv,ref_year,object,179166,64,308
study1_cohort_panel_D_main.csv,kci_journal_name,object,82440,96790,1498
study1_cohort_panel_D_main.csv,kci_pub_year,float64,82440,96790,40
study1_cohort_panel_D_main.csv,kci_title_original,object,82440,96790,28157
study1_cohort_panel_D_main.csv,kci_title_english,object,78370,100860,27019
study1_cohort_panel_D_main.csv,google_scholar_indexed,int64,179230,0,2
study1_cohort_panel_D_main.csv,google_scholar_match_status,object,179230,0,3
study1_cohort_panel_D_main.csv,google_scholar_match_accepted,bool,179230,0,2
study1_cohort_panel_D_main.csv,google_scholar_match_confidence,object,179230,0,4
study1_cohort_panel_D_main.csv,google_scholar_match_score,float64,128853,50377,10200
study1_cohort_panel_D_main.csv,google_scholar_title_score,float64,128853,50377,2378
study1_cohort_panel_D_main.csv,google_scholar_author_score,float64,114909,64321,121
study1_cohort_panel_D_main.csv,google_scholar_journal_score,float64,51623,127607,145
study1_cohort_panel_D_main.csv,google_scholar_year_match,object,54722,124508,2
study1_cohort_panel_D_main.csv,google_scholar_query,object,128853,50377,39886
study1_cohort_panel_D_main.csv,google_scholar_query_source,object,128853,50377,3
study1_cohort_panel_D_main.csv,google_scholar_result_position,float64,128853,50377,20
study1_cohort_panel_D_main.csv,google_scholar_global_result_position,float64,128853,50377,28
study1_cohort_panel_D_main.csv,google_scholar_year,float64,56874,122356,54
study1_cohort_panel_D_main.csv,google_scholar_source,object,56949,122281,233
study1_cohort_panel_D_main.csv,google_scholar_primary_domain,object,56949,122281,233
study1_cohort_panel_D_main.csv,google_scholar_citation_count,float64,49487,129743,164
study1_cohort_panel_D_main.csv,google_scholar_fulltext_access,object,179230,0,8
study1_cohort_panel_D_main.csv,google_scholar_access_verified,bool,179230,0,2
study1_cohort_panel_D_main.csv,google_scholar_download_link_found,bool,179230,0,2
study1_cohort_panel_D_main.csv,google_scholar_download_verified,bool,179230,0,2
study1_cohort_panel_D_main.csv,google_scholar_access_block_reason,object,32643,146587,3
study1_cohort_panel_D_main.csv,google_scholar_access_verification_error,object,1809,177421,502
study1_cohort_panel_D_main.csv,google_scholar_fulltext_link_provided,int64,179230,0,2
study1_cohort_panel_D_main.csv,google_scholar_oa_link_provided,int64,179230,0,2
study1_cohort_panel_D_main.csv,google_scholar_restricted_link_provided,int64,179230,0,2
study1_cohort_panel_D_main.csv,google_scholar_open_fulltext,int64,179230,0,2
study1_cohort_panel_D_main.csv,D_j,int64,179230,0,2
study1_cohort_panel_D_main.csv,match_accepted_01,int64,179230,0,2
study1_cohort_panel_D_main.csv,A_j,float64,56949,122281,2
study1_cohort_panel_D_main.csv,fulltext_link_provided,int64,179230,0,2
study1_cohort_panel_D_main.csv,journal_fe,object,82440,96790,1498
study1_cohort_panel_D_main.csv,gs_citation_count,float64,49487,129743,164
study1_cohort_panel_D_main.csv,log1p_gs_citation_count,float64,49487,129743,164
study1_cohort_panel_D_main.csv,present_in_rq2analticsample,int64,179230,0,1
study1_cohort_panel_D_main.csv,present_in_kci_unique,int64,179230,0,1
study1_cohort_panel_D_main.csv,is_C2,int64,179230,0,2
study1_cohort_panel_D_main.csv,D_x_C2,int64,179230,0,2
study1_cohort_panel_D_main.csv,A_x_C2,float64,56949,122281,2
study1_cohort_panel_D_main.csv,is_C3,int64,179230,0,2
study1_cohort_panel_D_main.csv,D_x_C3,int64,179230,0,2
study1_cohort_panel_D_main.csv,A_x_C3,float64,56949,122281,2
study1_cohort_panel_D_main.csv,is_C4,int64,179230,0,2
study1_cohort_panel_D_main.csv,D_x_C4,int64,179230,0,2
study1_cohort_panel_D_main.csv,A_x_C4,float64,56949,122281,2
study1_cohort_panel_D_main.csv,main_D_sample,int64,179230,0,1
study1_cohort_panel_D_main.csv,access_A_sample,int64,179230,0,2
study1_cohort_panel_A_indexed_only.csv,paper_uid_after_direct_w,string,56949,0,19436
study1_cohort_panel_A_indexed_only.csv,cohort,string,56949,0,4
study1_cohort_panel_A_indexed_only.csv,target_year,float64,56949,0,64
study1_cohort_panel_A_indexed_only.csv,target_topic,int64,56949,0,41
study1_cohort_panel_A_indexed_only.csv,partial,int64,56949,0,2
study1_cohort_panel_A_indexed_only.csv,eng_cite_count,int64,56949,0,6
study1_cohort_panel_A_indexed_only.csv,Y_jc,int64,56949,0,2
study1_cohort_panel_A_indexed_only.csv,obs_start,float64,56949,0,64
study1_cohort_panel_A_indexed_only.csv,obs_end,int64,56949,0,4
study1_cohort_panel_A_indexed_only.csv,age_jc,float64,56949,0,114
study1_cohort_panel_A_indexed_only.csv,age_bin,object,56949,0,4
study1_cohort_panel_A_indexed_only.csv,cohort_order,int64,56949,0,4
study1_cohort_panel_A_indexed_only.csv,cohort_start,int64,56949,0,4
study1_cohort_panel_A_indexed_only.csv,cohort_end,int64,56949,0,4
study1_cohort_panel_A_indexed_only.csv,gs_record_observed,int64,56949,0,1
study1_cohort_panel_A_indexed_only.csv,ref_title,object,56949,0,19434
study1_cohort_panel_A_indexed_only.csv,ref_author,object,54684,2265,7954
study1_cohort_panel_A_indexed_only.csv,ref_publisher_or_journal,object,53662,3287,1913
study1_cohort_panel_A_indexed_only.csv,ref_year,object,56941,8,101
study1_cohort_panel_A_indexed_only.csv,kci_journal_name,object,47689,9260,1326
study1_cohort_panel_A_indexed_only.csv,kci_pub_year,float64,47689,9260,32
study1_cohort_panel_A_indexed_only.csv,kci_title_original,object,47689,9260,16719
study1_cohort_panel_A_indexed_only.csv,kci_title_english,object,46046,10903,16252
study1_cohort_panel_A_indexed_only.csv,google_scholar_indexed,int64,56949,0,1
study1_cohort_panel_A_indexed_only.csv,google_scholar_match_status,object,56949,0,1
study1_cohort_panel_A_indexed_only.csv,google_scholar_match_accepted,bool,56949,0,1
study1_cohort_panel_A_indexed_only.csv,google_scholar_match_confidence,object,56949,0,2
study1_cohort_panel_A_indexed_only.csv,google_scholar_match_score,float64,56949,0,764
study1_cohort_panel_A_indexed_only.csv,google_scholar_title_score,float64,56949,0,208
study1_cohort_panel_A_indexed_only.csv,google_scholar_author_score,float64,55324,1625,67
study1_cohort_panel_A_indexed_only.csv,google_scholar_journal_score,float64,24764,32185,74
study1_cohort_panel_A_indexed_only.csv,google_scholar_year_match,object,25144,31805,2
study1_cohort_panel_A_indexed_only.csv,google_scholar_query,object,56949,0,19367
study1_cohort_panel_A_indexed_only.csv,google_scholar_query_source,object,56949,0,3
study1_cohort_panel_A_indexed_only.csv,google_scholar_result_position,float64,56949,0,12
study1_cohort_panel_A_indexed_only.csv,google_scholar_global_result_position,float64,56949,0,13
study1_cohort_panel_A_indexed_only.csv,google_scholar_year,float64,56874,75,54
study1_cohort_panel_A_indexed_only.csv,google_scholar_source,object,56949,0,233
study1_cohort_panel_A_indexed_only.csv,google_scholar_primary_domain,object,56949,0,233
study1_cohort_panel_A_indexed_only.csv,google_scholar_citation_count,float64,49487,7462,164
study1_cohort_panel_A_indexed_only.csv,google_scholar_fulltext_access,object,56949,0,6
study1_cohort_panel_A_indexed_only.csv,google_scholar_access_verified,bool,56949,0,2
study1_cohort_panel_A_indexed_only.csv,google_scholar_download_link_found,bool,56949,0,2
study1_cohort_panel_A_indexed_only.csv,google_scholar_download_verified,bool,56949,0,2
study1_cohort_panel_A_indexed_only.csv,google_scholar_access_block_reason,object,32643,24306,3
study1_cohort_panel_A_indexed_only.csv,google_scholar_access_verification_error,object,1809,55140,502
study1_cohort_panel_A_indexed_only.csv,google_scholar_fulltext_link_provided,int64,56949,0,2
study1_cohort_panel_A_indexed_only.csv,google_scholar_oa_link_provided,int64,56949,0,2
study1_cohort_panel_A_indexed_only.csv,google_scholar_restricted_link_provided,int64,56949,0,2
study1_cohort_panel_A_indexed_only.csv,google_scholar_open_fulltext,int64,56949,0,2
study1_cohort_panel_A_indexed_only.csv,D_j,int64,56949,0,1
study1_cohort_panel_A_indexed_only.csv,match_accepted_01,int64,56949,0,1
study1_cohort_panel_A_indexed_only.csv,A_j,int64,56949,0,2
study1_cohort_panel_A_indexed_only.csv,fulltext_link_provided,int64,56949,0,2
study1_cohort_panel_A_indexed_only.csv,journal_fe,object,47689,9260,1326
study1_cohort_panel_A_indexed_only.csv,gs_citation_count,float64,49487,7462,164
study1_cohort_panel_A_indexed_only.csv,log1p_gs_citation_count,float64,49487,7462,164
study1_cohort_panel_A_indexed_only.csv,present_in_rq2analticsample,int64,56949,0,1
study1_cohort_panel_A_indexed_only.csv,present_in_kci_unique,int64,56949,0,1
study1_cohort_panel_A_indexed_only.csv,is_C2,int64,56949,0,2
study1_cohort_panel_A_indexed_only.csv,D_x_C2,int64,56949,0,2
study1_cohort_panel_A_indexed_only.csv,A_x_C2,int64,56949,0,2
study1_cohort_panel_A_indexed_only.csv,is_C3,int64,56949,0,2
study1_cohort_panel_A_indexed_only.csv,D_x_C3,int64,56949,0,2
study1_cohort_panel_A_indexed_only.csv,A_x_C3,int64,56949,0,2
study1_cohort_panel_A_indexed_only.csv,is_C4,int64,56949,0,2
study1_cohort_panel_A_indexed_only.csv,D_x_C4,int64,56949,0,2
study1_cohort_panel_A_indexed_only.csv,A_x_C4,int64,56949,0,2
study1_cohort_panel_A_indexed_only.csv,main_D_sample,int64,56949,0,1
study1_cohort_panel_A_indexed_only.csv,access_A_sample,int64,56949,0,1
study1_target_level_GS.csv,paper_uid_after_direct_w,string,55622,0,55622
study1_target_level_GS.csv,target_year,float64,55622,0,190
study1_target_level_GS.csv,target_topic,int64,55622,0,41
study1_target_level_GS.csv,gs_record_observed,int64,55622,0,1
study1_target_level_GS.csv,ref_title,object,55622,0,55620
study1_target_level_GS.csv,ref_author,object,50587,5035,16672
study1_target_level_GS.csv,ref_publisher_or_journal,object,46812,8810,5209
study1_target_level_GS.csv,ref_year,object,55602,20,313
study1_target_level_GS.csv,kci_journal_name,object,28672,26950,1504
study1_target_level_GS.csv,kci_pub_year,float64,28672,26950,40
study1_target_level_GS.csv,kci_title_original,object,28672,26950,28543
study1_target_level_GS.csv,kci_title_english,object,27562,28060,27391
study1_target_level_GS.csv,google_scholar_indexed,int64,55622,0,2
study1_target_level_GS.csv,google_scholar_match_status,object,55622,0,6
study1_target_level_GS.csv,google_scholar_match_accepted,bool,55622,0,2
study1_target_level_GS.csv,google_scholar_match_confidence,object,55622,0,4
study1_target_level_GS.csv,google_scholar_match_score,float64,40000,15622,10200
study1_target_level_GS.csv,google_scholar_title_score,float64,40000,15622,2378
study1_target_level_GS.csv,google_scholar_author_score,float64,36505,19117,121
study1_target_level_GS.csv,google_scholar_journal_score,float64,16556,39066,145
study1_target_level_GS.csv,google_scholar_year_match,object,17281,38341,2
study1_target_level_GS.csv,google_scholar_query,object,40000,15622,39886
study1_target_level_GS.csv,google_scholar_query_source,object,40000,15622,3
study1_target_level_GS.csv,google_scholar_result_position,float64,40000,15622,20
study1_target_level_GS.csv,google_scholar_global_result_position,float64,40000,15622,28
study1_target_level_GS.csv,google_scholar_year,float64,19411,36211,54
study1_target_level_GS.csv,google_scholar_source,object,19436,36186,233
study1_target_level_GS.csv,google_scholar_primary_domain,object,19436,36186,233
study1_target_level_GS.csv,google_scholar_citation_count,float64,16699,38923,164
study1_target_level_GS.csv,google_scholar_fulltext_access,object,55622,0,9
study1_target_level_GS.csv,google_scholar_access_verified,bool,55622,0,2
study1_target_level_GS.csv,google_scholar_download_link_found,bool,55622,0,2
study1_target_level_GS.csv,google_scholar_download_verified,bool,55622,0,2
study1_target_level_GS.csv,google_scholar_access_block_reason,object,11095,44527,3
study1_target_level_GS.csv,google_scholar_access_verification_error,object,687,54935,502
study1_target_level_GS.csv,google_scholar_fulltext_link_provided,int64,55622,0,2
study1_target_level_GS.csv,google_scholar_oa_link_provided,int64,55622,0,2
study1_target_level_GS.csv,google_scholar_restricted_link_provided,int64,55622,0,2
study1_target_level_GS.csv,google_scholar_open_fulltext,int64,55622,0,2
study1_target_level_GS.csv,D_j,float64,54789,833,2
study1_target_level_GS.csv,match_accepted_01,int64,55622,0,2
study1_target_level_GS.csv,A_j,float64,19436,36186,2
study1_target_level_GS.csv,fulltext_link_provided,int64,55622,0,2
study1_target_level_GS.csv,journal_fe,object,28672,26950,1504
study1_target_level_GS.csv,gs_citation_count,float64,16699,38923,164
study1_target_level_GS.csv,log1p_gs_citation_count,float64,16699,38923,164
study1_target_level_GS.csv,present_in_rq2analticsample,int64,55622,0,1
study1_target_level_GS.csv,present_in_kci_unique,int64,55622,0,1
